driverId,name,ssn,location,certified,wage-plan
10,Samantha Olson,052-14-8370,"2227 Patrick Drive
West Karen, MO 89641",Y,hours
11,Douglas Miller,798-27-9179,"Unit 2455 Box 1544
DPO AE 68912",Y,hours
12,William Robinson,592-53-3318,"381 Adams Club
North Jamesville, NV 78972",N,miles
13,Christine Hodges,344-53-1422,"USCGC Cooper
FPO AE 52435",N,miles
14,Eric Simmons,170-77-3422,"2192 Brown Centers Suite 069
Bryanfort, HI 44206",Y,miles
15,Sarah Griffin,711-77-5017,"051 Martha Crescent Apt. 806
Port Zachary, MT 72367",N,miles
16,Donna Watson,220-28-8435,"94763 James Alley Suite 917
West Robertberg, RI 98733",Y,miles
17,Joshua Jackson,235-64-2506,"66601 Grant Meadow
East Julia, GU 10844",N,miles
18,Kathryn Evans,671-94-1885,"Unit 4838 Box 3423
DPO AP 77495",N,hours
19,Michael Navarro,420-84-8832,"48564 Thomas Locks
West Staceyland, NC 39774",N,miles
20,Gina Petersen,076-62-0915,"995 Bell Mountains
New Stephenburgh, HI 49881",N,hours
21,Cynthia Espinoza,377-48-9197,"86738 Hayes Vista Suite 614
Chelseaport, MH 69469",N,miles
22,James Silva,814-56-2485,"95574 Carpenter Stream Apt. 117
Riverabury, CO 74930",Y,hours
23,Mitchell Boyd,709-90-1204,"9921 Ralph Lodge
East Jessica, NE 20622",N,hours
24,Thomas Greene,728-98-6071,"0593 Brian Orchard
West April, CO 96177",N,hours
25,Daniel Rogers,769-04-3822,"82182 Kevin Viaduct
Williamsstad, PW 49448",N,hours
26,Anthony Cook,439-80-1329,"277 Christopher Prairie Apt. 257
Port Spencer, IN 51418",N,hours
27,Sherry Johnson,327-17-0852,"0577 Justin Lodge
New Steven, NM 91386",N,hours
28,Danielle Abbott,453-33-7254,"3037 Jackson Avenue Suite 630
Carmenview, RI 31503",N,miles
29,Catherine Kelley,787-79-5810,"1772 Jennifer Ranch
North Kevin, SC 92552",N,hours
30,Samuel Gray,113-05-6579,"97205 White Mountain Apt. 732
Lawrencefort, WV 77783",N,hours
31,Casey Shaffer,198-09-0645,"39482 Vargas Shoals Apt. 996
Warnerside, MI 18551",N,hours
32,Jeremy Yang,061-16-7935,"80432 Rangel Mountains Apt. 811
Saundersbury, PR 94873",Y,miles
33,David Foley,269-04-9331,"90228 Barrett Islands Apt. 186
Novakview, AS 67370",N,miles
34,Rhonda Henderson,704-46-3456,"114 Laura Islands Apt. 526
Doyleville, KY 40837",N,hours
35,Alex Pollard,103-21-4725,"810 Matthew Crest Apt. 454
Lake Erinmouth, KY 76856",N,miles
36,Cheryl Floyd,411-76-9543,"69400 Doris Plaza
Lake Heatherton, AR 61892",Y,hours
37,Michael Huerta,302-70-4810,"24615 Jennifer Trail Apt. 458
Brianburgh, AZ 96304",Y,hours
38,Kim Barrett,064-38-7180,"9144 Scott Stravenue Suite 718
Calvinfort, VI 03800",N,hours
39,Christopher Moore,724-41-0276,"PSC 4696, Box 5462
APO AE 98243",N,hours
40,Virginia Harding,893-06-4259,"15090 Victoria Squares Suite 242
New Sylvia, NH 20398",Y,hours
41,Stacy Rice,084-79-3616,"8316 Patel Ford
New Bradborough, NY 42378",N,miles
42,Michael Shaw,708-99-5783,"257 Whitaker Estate Suite 806
Reginaldborough, NY 82131",Y,hours
43,Elizabeth Smith,218-84-8923,"567 Olson Harbors Apt. 104
Port Michael, AL 97396",N,hours
44,Amber Jones,842-41-0935,"0052 Melissa Circle
New Josephland, MI 56873",N,hours
45,Charles Baker,704-87-7349,"8390 Donald Spring
South Monicaside, WY 51805",N,miles
46,Phillip Smith,559-99-2951,"4935 Connor Ports
New Catherine, DE 25643",Y,miles
47,Rodney Lang,262-10-1383,"52043 Darryl Tunnel
Donaldsonbury, UT 02070",N,hours
48,Jared Miller,557-01-0802,"3094 Bowen Haven Apt. 889
Kathrynfurt, NC 79164",N,miles
49,Madeline Michael,556-72-4992,"815 Michelle Extension
West Bryan, IL 28159",N,miles
50,Kenneth Thompson,283-75-9759,"159 Katrina Parkway Apt. 964
Jeffreymouth, IA 81487",N,miles
51,Louis Johnson,388-71-8787,"USNS Martinez
FPO AP 04963",N,hours
52,Cindy Fox,823-36-1995,"7552 Rose Spur
East Lisahaven, SC 02631",N,hours
53,Amy Adams,086-70-4022,"4879 Diane Junction
Port Terrifort, KS 21421",Y,miles
54,Sean Padilla,578-11-4887,"57946 Melissa Cliffs Suite 277
South Sharonbury, MA 52225",Y,miles
55,Deborah Beasley,242-83-0257,"717 Quinn Union Apt. 196
Barkerburgh, DC 33372",N,hours
56,Lisa Bartlett,014-30-6646,"69118 Villanueva Mall
Caldwellhaven, AL 59891",Y,hours
57,Jason Gates,317-32-1168,"894 James Walks Apt. 757
Sierrashire, WV 96206",Y,hours
58,Christopher Pugh,136-40-1109,"3526 Jessica Mountain
Port Brenda, DE 07260",N,miles
59,Tyler Stewart,132-61-9499,"6524 Jason Junctions Suite 499
Jimmyville, KS 41813",Y,hours
60,Cynthia Ruiz,043-61-5564,"419 Kirk Plain
West Veronicamouth, CO 60146",N,hours
61,Benjamin Murray,086-31-0833,"539 Jennifer Row Suite 489
North Ethan, VI 26610",Y,hours
62,Michael Williams,606-55-6941,"17712 James Hill Apt. 783
Lake Kathrynville, AZ 73485",N,miles
63,Jenny Garcia DDS,396-02-5038,"24568 Eric Summit Suite 084
Smithbury, IN 28801",N,hours
64,Dominic Adams,185-25-2346,"42338 Lewis Path
Garybury, KS 05611",N,miles
65,Bob Morales,499-60-5223,"61922 Audrey Gardens
Port Michael, KS 00570",Y,miles
66,Christopher Cardenas,448-42-5861,"58305 Brown Junction
Perkinsberg, WI 74526",Y,hours
67,Colleen Joseph,771-22-1632,"PSC 7035, Box 6325
APO AP 48926",N,miles
68,John Day,020-20-1861,"1899 Kent Manors Suite 516
Perezport, DE 18818",N,miles
69,Michael Barrera,653-10-4755,"883 Mann Shoals
Markfort, PR 61051",Y,hours
70,Manuel Sanders,327-73-5018,"107 Julia Roads
Lynchmouth, CT 96668",N,miles
71,Robert Moore,803-85-5652,"689 Michelle Crest
Bowmanfort, VA 40356",N,miles
72,Roger Young,047-10-8315,"64403 Vincent Avenue Suite 618
Brooksborough, NV 38672",Y,miles
73,Paul Shaffer,374-67-8589,"19489 Stokes Forks
Fitzpatrickberg, PA 54706",N,hours
74,Stephen Atkins,522-97-9790,"4350 Nicole Cliffs
East Marcushaven, AL 82955",N,miles
75,Mary Wu,164-66-3183,"060 Raymond Trail
East Karen, AK 32335",Y,hours
76,Joseph Ramos,680-84-3280,"9295 Arthur Walk
South Patricia, CA 55145",N,miles
77,Mark Lowery,820-33-8769,"Unit 8945 Box 8726
DPO AP 84287",N,hours
78,Vincent Aguilar,085-99-4498,"80238 Juan Cliffs Apt. 649
Sarafurt, CT 17302",N,hours
79,Brian Allen,654-87-2195,"9741 Monica Mill Apt. 654
Mooreburgh, MS 92390",Y,miles
80,Bruce Pruitt,661-91-7403,"5115 Thomas Trail Apt. 778
Brianchester, SD 07357",N,hours
81,Lynn Contreras,557-62-6727,"22554 Ramirez Pines
New Kelly, OR 90330",Y,hours
82,Brendan Carr,240-77-1366,"268 Nguyen Brook Apt. 576
Montgomerybury, NE 39584",N,miles
83,Stephen Wells,388-65-9473,"86268 Jane Junctions Suite 485
South Jody, GU 20899",Y,hours
84,Debra Davis,144-24-6968,"32336 Michael Streets Apt. 001
East Frank, IL 67722",N,miles
85,Lindsay English,283-07-3402,"1374 Hale Station Suite 788
New Robert, WY 36814",Y,hours
86,Mark Hicks,629-46-5483,"236 Ali Ports
Robertaside, IL 40168",Y,hours
87,Kyle Torres,636-82-8391,"USNV Warren
FPO AP 47120",N,miles
88,Jessica Hunter,853-76-0399,"103 Sarah Lake Suite 325
Perezmouth, MO 83706",Y,miles
89,Kenneth Ramsey,552-91-9911,"032 Dunlap Manors Suite 008
Melissaton, NE 42918",N,hours
90,Sara Steele,399-51-5060,"USS Martin
FPO AE 97734",Y,hours
91,Gordon Alvarez,056-11-5994,"34273 Randall Rue
Freemanshire, WY 73951",N,miles
92,Eric Daugherty,589-52-6124,"890 Johnson Gateway
Kimberlyhaven, UT 40465",Y,hours
93,Mario Edwards,868-82-0429,"2608 Mackenzie Inlet Suite 309
Port Earlhaven, NV 39557",Y,miles
94,Mark Mills,060-79-2774,"70856 Williams Mall Apt. 661
New Frankborough, IL 00590",N,miles
95,Amanda Morris,551-33-6147,"00454 Joseph Turnpike Apt. 192
Robinsontown, WI 89610",N,miles
96,Lacey Palmer,171-51-6808,"77543 Ortiz Inlet
Stephenshire, KS 51656",Y,hours
97,Tyler Reed,712-41-6563,"377 Pierce Inlet
Garciamouth, NJ 39140",N,hours
98,Sarah Christian,161-94-7596,"686 Parker Avenue
Port Davidburgh, ID 52553",N,hours
99,Greg Jenkins,571-73-1291,"845 Jessica Meadow Suite 530
Sullivanton, AK 32483",Y,hours
100,Natasha Sanchez,535-92-2836,"4403 Julie Islands
Heatherhaven, CO 16128",N,hours
101,Peggy Wilson,031-29-1320,"346 Jennifer Junction
Combsville, FM 89357",Y,hours
102,Glenn Bender,013-64-5110,"USS Bates
FPO AE 61002",N,miles
103,Linda Carter,098-89-3107,"USNV Robinson
FPO AP 94702",Y,hours
104,Bryan Thomas,602-21-6567,"Unit 8691 Box 4345
DPO AA 72419",Y,hours
105,Adam Wright,667-92-4783,"0884 Thomas Brooks
Port Michael, GA 33111",Y,miles
106,Brenda Phillips,881-86-9135,"40689 Newton Lane
West Carlastad, LA 74521",N,miles
107,Aaron Porter,547-52-4078,"0229 Joseph Green Apt. 152
East Alexanderstad, TX 59656",Y,miles
108,Katherine Gallegos,186-71-0346,"8272 Justin Causeway Suite 840
New Aaronchester, FL 47134",N,miles
109,David Jackson,772-85-7766,"5382 Richard Ports Suite 292
New Josephview, SD 23726",N,hours
